{"initial_reset_timestamp": 1607086470.072822, "timestamps": [1607086536.6511974], "episode_lengths": [1635], "episode_rewards": [21.0], "episode_types": ["t"]}