{"initial_reset_timestamp": 1606318371.2249157, "timestamps": [1606318372.734317], "episode_lengths": [18], "episode_rewards": [18.0], "episode_types": ["t"]}