{"initial_reset_timestamp": 1611940264.1760817, "timestamps": [1611940330.5995936], "episode_lengths": [1635], "episode_rewards": [21.0], "episode_types": ["t"]}